sas_name,SESTAT_NAME,DESCRIPTION,source,question,domain,SAS_FMT
ACADADJF,E_JOB_EMPLR_ACAD_POSITION_ADJUNCT,Academic position: adjunct faculty,A14.5,"During the week of [survey reference date], what type of academic position(s) did you hold at this institution? (Marked ""Adjunct faculty"")","Working during the week of October 1, 2008 and employer is a postsecondary institution (SDR only)",$MRKALL.
ACADADMN,E_JOB_EMPLR_ACAD_POSITION_ADMIN_PUB,Academic position: dean or president,RECODE,"During the week of [survey reference date], what type of academic position(s) did you hold at this institution? (Marked 'Dean (any level), department head or chair' or 'President, Provost or Chancellor (any level)')","Working during the week of October 1, 2008 and employer is a postsecondary institution (SDR only)",$MRKACD.
ACADNA,E_JOB_EMPLR_ACAD_POSITION_NA,Academic position: not applicable,A14.0,Derived after data collection from reported information,"Working during the week of October 1, 2008 and employer is a postsecondary institution (SDR only)",$MRKALL.
ACADOTHP,E_JOB_EMPLR_ACAD_POSITION_OTHER_PUB,"Academic position: research assistant, teaching assistant or other",RECODE,"During the week of [survey reference date], what type of academic position(s) did you hold at this institution?(Marked 'Teaching assistant', 'Research assistant' or 'Other')","Working during the week of October 1, 2008 and employer is a postsecondary institution (SDR only)",$MRKOTH.
ACADPDOC,E_JOB_EMPLR_ACAD_POSITION_POSTDOC,Academic position: postdoc,A14.6,"During the week of [survey reference date], what type of academic position(s) did you hold at this institution? (Marked ""Postdoc (e.g., postdoctoral fellow or associate)"")","Working during the week of October 1, 2008 and employer is a postsecondary institution (SDR only)",$MRKALL.
ACADRCHF,E_JOB_EMPLR_ACAD_POSITION_RESEARCH_FACULTY,Academic position: research faculty,A14.3,"During the week of [survey reference date], what type of academic position(s) did you hold at this institution? (Marked ""Research faculty, scientist, associate or fellow"")","Working during the week of October 1, 2008 and employer is a postsecondary institution (SDR only)",$MRKALL.
ACADTCHF,E_JOB_EMPLR_ACAD_POSITION_TEACH_FACULTY,Academic position: teaching faculty,A14.4,"During the week of [survey reference date], what type of academic position(s) did you hold at this institution? (Marked ""Teaching faculty"")","Working during the week of October 1, 2008 and employer is a postsecondary institution (SDR only)",$MRKALL.
ACTCAP,F_JOB_WRK_ACTIVITY_PRIM_SEC_COMPUTER,Primary/secondary work activity on principal job: computer applications,RECODE,Derived within SESTAT from reported information.,"Working during the week of October 1, 2008",$YESNO.
ACTDED,F_JOB_WRK_ACTIVITY_PRIM_SEC_DEV_DESIGN,Primary/secondary work activity on principal job: development or design,RECODE,Derived within SESTAT from reported information.,"Working during the week of October 1, 2008",$YESNO.
ACTMGT,F_JOB_WRK_ACTIVITY_PRIM_SEC_MGT_SALES,Primary/secondary work activity on principal job: management/sales,RECODE,Derived within SESTAT from reported information.,"Working during the week of October 1, 2008",$YESNO.
ACTRD,F_JOB_WRK_ACTIVITY_PRIM_SEC_RSRCH_DEV,Primary/secondary work activity on principal job: basic research/applied research/development/design,RECODE,Derived within SESTAT from reported information.,"Working during the week of October 1, 2008",$YESNO.
ACTRDT,F_JOB_WRK_ACTIVITY_PRIM_SEC_RSRCH_DEV_TEACH,Primary/secondary work activity on principal job: basic research/applied research/development/design/teaching,RECODE,Derived within SESTAT from reported information.,"Working during the week of October 1, 2008",$YESNO.
ACTRES,F_JOB_WRK_ACTIVITY_PRIM_SEC_RSRCH,Primary/secondary work activity on principal job: basic or applied research,RECODE,Derived within SESTAT from reported information.,"Working during the week of October 1, 2008",$YESNO.
ACTTCH,F_JOB_WRK_ACTIVITY_PRIM_SEC_TEACH,Primary/secondary work activity on principal job: teaching,RECODE,Derived within SESTAT from reported information.,"Working during the week of October 1, 2008",$YESNO.
AGEP,U_DEM_AGE_PUB,Age (recoded for public use),RECODE,Derived within SESTAT from reported information.,All respondents,AGE03P.
BA03Y5P,J_ED_BA_DEGREE_AWARD_YR2003_5_YR_GROUPING_PUB,"Year of first bachelor's degree (5-year intervals), recoded for public use.",RECODE,Derived within SESTAT from reported information.,All respondents,FIVEY03P.
BTHUS,U_DEM_BIRTH_PLACE_REGION_US_NONUS,Place of birth (U.S./Non-U.S.),RECODE,Derived within SESTAT from reported information.,All respondents,$USNONUS.
CH1218IN,W_DEM_CHILDREN_IND_12_18,Children living in household indicator: ages 12-18,RECODE,Derived within SESTAT from reported information.,"Children living in the household on October 1, 2008",$YESNO.
CH19IN,W_DEM_CHILDREN_IND_19,Children living in household indicator: age 19 or older,RECODE,Derived within SESTAT from reported information.,"Children living in the household on October 1, 2008",$YESNO.
CH25IN,W_DEM_CHILDREN_IND_2_5,Children living in household indicator: ages 2-5,RECODE,Derived within SESTAT from reported information.,"Children living in the household on October 1, 2008",$YESNO.
CH611IN,W_DEM_CHILDREN_IND_6_11,Children living in household indicator: ages 6-11,RECODE,Derived within SESTAT from reported information.,"Children living in the household on October 1, 2008",$YESNO.
CH6IN,W_DEM_CHILDREN_IND_UNDER_6,Children living in household indicator: under age 6,RECODE,Derived within SESTAT from reported information.,"Children living in the household on October 1, 2008",$YESNO.
CHTOTPB,W_DEM_CHILDREN_TOTAL_PUB,Total number of children (recoded for public use),RECODE,Derived within SESTAT from reported information.,"Children living in the household on October 1, 2008",$CHTOTP.
CHU2IN,W_DEM_CHILDREN_IND_UNDER_2,Children living in household indicator: under age 2,RECODE,Derived within SESTAT from reported information.,"Children living in the household on October 1, 2008",$YESNO.
CHUN12,W_DEM_CHILDREN_UNDER_12_IND,Children living in household indicator: under age 12,RECODE,Derived within SESTAT from reported information.,"Children living in the household on October 1, 2008",$YESNO.
COHORT,Z_SURVEY_COHORT,Survey cohort,SYSTEM,Data item developed by survey contractors; describes the original survey where respondent entered SESTAT system,All respondents,$COHORT.
CTZUS,V_DEM_US_CITIZENSHIP_STATUS,Type of US citizen,E08,Were you a U.S. citizen?,U.S. citizens,$USCTZ.
CTZUSIN,V_DEM_CITIZENSHIP_US_CITIZEN,U.S. citizenship status,E07,On [survey reference date] were you a... (Response to US or Non-US citizen),All respondents,$YESNO.
DGRDG,O_ED_HD_DEGREE_TYPE,Highest degree type,SYSTEM,Derived within SESTAT from reported information.,All respondents,$DEGREE.
EMSECPB,E_JOB_EMPLR_SECTOR_CD_PUB,Employer sector (recoded for public use),RECODE,Derived within SESTAT from reported information.,"Working during the week of October 1, 2008",$EMSECP.
EMSIZE,E_JOB_EMPLR_SIZE,Employer size,A10,"Counting all locations where this employer operates, how many people worked for your principal employer?  Your best estimate is fine.","Working during the week of October 1, 2008",$EMP2SIZ.
EMSMI,D_JOB_SAME_EMPLOYER_JOB,"Employment status (same job/employer?), current and previous reference weeks",B02,"(IF YES) During these two time periods - the week of [previous survey reference date], and the week of [survey reference date] -- were you working for...[same/different job and/or employer?]","Working during the weeks of April 1, 2006 and  October 1, 2008 (working respondents in NSCG and SDR only)",$SAMEDIF.
GENDER,U_DEM_GENDER,Gender,SYSTEM,Derived within SESTAT from reported information.,All respondents,$GENDER.
GOVSUP,I_JOB_GOV_AGCY_SUPPORT_IND,Federal government support indicator,A43,"Thinking back now to [prior calendar year], was any of your work during [prior calendar year] supported by contracts or grants from the U.S. government?",Worked during calendar year         2007,$YESNODK.
HD03Y5P,O_ED_HD_DEGREE_AWARD_YR2003_5_YR_GROUPING_PUB,"Year of highest degree (5 year intervals), recoded for public use.",RECODE,Derived within SESTAT from reported information.,All respondents,FIVEY03P.
HRSWKP,B_PRINCIPAL_JOB_WKLY_HRS_PUB,Principal job: hours per week typically worked (recoded for public use),RECODE,"During a typical week on this job, how many hours did you usually work?","Working during the week of October 1, 2008",HRSWKP.
JOBSATIS,F_JOB_SATISFACTION_OVERALL,Job satisfaction,A32,How would you rate your overall satisfaction with the principal job you held during the week of [survey reference date]?,"Working during the week of October 1, 2008",$SATIS.
LFSTAT,A_JOB_STATUS_LABOR_FORCE_STAT,Labor force status,RECODE,Derived within SESTAT from reported information.,All respondents,$LFSTAT.
LOOKWK,A_JOB_STATUS_LOOKING_FOR_WRK_IND,"Not working, looking for work",A02,Did you look for work at anytime during the four weeks preceding [survey reference date]? This would be between [4 weeks prior to survey reference date] and [survey reference month/day].,"Not working during the week of October 1, 2008",$YESNO.
LWYRP,C_JOB_LAST_WRKD_PUB_YR,Year last worked (recoded for public use),RECODE,"Prior to the week of [survey reference date], when did you last work for pay or profit? [Year response]","Not working during the week of October 1, 2008, except those who have never worked",LWKPB.
MGRNAT,F_JOB_MGR_TECH_EXPERTSE_PHYS_SCI,"Job required technical expertise at the bachelor's level or higher:  eng, comp sci, math, nat sciences",A20.1,"Did your duties on this job require technical expertise of a bachelor's degree in engineering, computer science, math, or the natural sciences?","Working week of October 1, 2008",$YESNO.
MGROTH,F_JOB_MGR_TECH_EXPERTSE_OTHER,Job required technical expertise at the bachelor's level or higher:  Other fields (e.g. health/business),A20.3,"Did your duties on this job require technical expertise of a bachelor's degree or higher in some other field (for example, health, business or education)?","Working week of October 1, 2008",$YESNO.
MGRSOC,F_JOB_MGR_TECH_EXPERTSE_SOCIAL_SCI,Job required technical expertise at the bachelor's level or higher:  social sciences,A20.2,Did your duties on this job require technical expertise of a bachelor's degree or higher in the social sciences?,"Working week of October 1, 2008",$YESNO.
MINRTY,U_DEM_RACE_MINORITY_IND,Minority indicator,RECODE,Derived within SESTAT from reported information.,All respondents,$YESNO.
MR03Y5P,M_ED_MR_DEGREE_AWARD_YR2003_5_YR_GROUPING_PUB,"Year of most recent degree (5-year intervals), recoded for public use.",RECODE,Derived within SESTAT from reported information.,All respondents,FIVEY03P.
MRADV,M_ED_MR_DEGREE_REAS_ADVANCEMT,"Reason for obtaining most recent degree: increase opportunities for promotion, advancement, higher salary",D06.6,"For which of the following reasons did you obtain this degree?  (Response to ""To increase opportunities for promotion, advancement or higher salary"")",All respondents,$YESNO.
MRCAR,M_ED_MR_DEGREE_REAS_BEGIN_CAREER,Reason for obtaining most recent degree: further education before career,D06.1,"For which of the following reasons did you obtain this degree?  (Response to ""To gain further education before beginning a career"")",All respondents,$YESNO.
MRCHG,M_ED_MR_DEGREE_REAS_CHG_FLD,Reason for obtaining most recent degree: change academic/occupational field,D06.3,"For which of the following reasons did you obtain this degree?  (Response to ""To change your academic or occupational field"")",All respondents,$YESNO.
MRDG,M_ED_MR_DEGREE_TYPE,Most recent degree type,D02,What type of degree did you receive?,All respondents,$DEGREE.
MRINT,M_ED_MR_DEGREE_REAS_PERSONL,Reason for obtaining most recent degree: leisure/personal interest,D06.8,"For which of the following reasons did you obtain this degree?  (Response to ""For leisure or personal interest"")",All respondents,$YESNO.
MRLIC,M_ED_MR_DEGREE_REAS_LICENSING,Reason for obtaining most recent degree: licensure/certification,D06.5,"For which of the following reasons did you obtain this degree?  (Response to ""For licensure or certification"")",All respondents,$YESNO.
MROTP,M_ED_MR_DEGREE_REAS_OTHR_PUB,"Reason for obtaining most recent degree: graduate school, required by employer or other",RECODE,Derived within SESTAT from reported information.,All respondents,$MRKMR.
MRSKL,M_ED_MR_DEGREE_REAS_ACQ_SKILL,Reason for obtaining most recent degree: acquire further skills in field,D06.4,"For which of the following reasons did you obtain this degree?  (Response to ""To gain further skills or knowledge in your academic or occupational field"")",All respondents,$YESNO.
NBAMEDP,J_ED_BA_MAJOR_ED_CAT_PUB_NEW,Field of major for first bachelor's degree (best code - recoded for public use),RECODE,Derived within SESTAT from reported information.,All respondents,$EDCDPBN.
NBAMEMG,J_ED_BA_MAJOR_ED_GROUP_MAJOR_NEW,Field of study for first bachelor's degree (major group),RECODE,"Derived within SESTAT from reported information. Click <a href=""./inventory.html"">here</A> for more information about the source of this variable.",All respondents,$MAJORN.
NDGMEDP,O_ED_HD_MAJOR_ED_CAT_PUB_NEW,Field of major for highest degree (recoded for public use),RECODE,Derived within SESTAT from reported information.,All respondents,$EDCDPBN.
NDGMEMG,O_ED_HD_MAJOR_ED_GRP_MAJOR_NEW,Field of study for highest degree (major group),RECODE,"Derived within SESTAT from reported information. Click <a href=""./inventory.html"">here</A> for more information about the source of this variable.",All respondents,$MAJORN.
NMRMEDP,M_ED_MR_MAJOR_ED_CAT_PUB_NEW,Field of major for most recent degree (recoded for public use),RECODE,Derived within SESTAT from reported information.,All respondents,$EDCDPBN.
NMRMEMG,M_ED_MR_MAJOR_ED_GRP_MAJOR_NEW,Field of study of major for most recent degree (major group),RECODE,"Derived within SESTAT from reported information. Click <a href=""./inventory.html"">here</A> for more information about the source of this variable.",All respondents,$MAJORN.
NOCMLST,C_JOB_LAST_OCC_GRP_MAJOR_NEW,Job code for last job (major group),RECODE,Derived within SESTAT from reported information.,"Not working during the week of October 1, 2008 , except those who have never worked",$MAJOCCN.
NOCPRMG,B_JOB_OCC_GRP_MAJOR_NEW,Job code for principal job (major group),RECODE,Derived within SESTAT from information reported on the questionnaires or other sources.  See variable documentation for recode algorithm.,"Working during the week of October 1, 2008",$MAJOCCN.
NOCPRPB,B_JOB_CAT_PUB_NEW,Job code for principal job (recoded for public use),RECODE,This variable is a recode produced for public use.  See variable documentation for recode algorithm.,"Working during the week of October 1, 2008",$OCCUPPN.
NOCSMG,C_JOB_2ND_JOB_OCC_GRP_MAJOR_NEW,Occupation major group for Second Job,RECODE,Derived within SESTAT from reported information.,"Working during the week of October 1, 2008",$MAJOCCN.
NRCHG,B_JOB_OUTSIDE_FLD_REAS_CAREER_CHG,Reason for working outside field of highest degree: career change,A26.4,"Did these factors influence your decision to work in an area outside the field of your first U.S. doctoral degree? (Response to ""Change in career or professional interests"")","Working during the week of October 1, 2008 and principal job not related to highest degree",$YESNO.
NRCON,B_JOB_OUTSIDE_FLD_REAS_WRKNG_CONDS,Reason for working outside field of highest degree: working conditions,A26.2,"Did these factors influence your decision to work in an area outside the field of your first U.S. doctoral degree? (Response to ""Working conditions (e.g., hours, equipment, working environment"")","Working during the week of October 1, 2008 and principal job not related to highest degree",$YESNO.
NRFAM,B_JOB_OUTSIDE_FLD_REAS_FAMILY,Reason for working outside field of highest degree: family-related reasons,A26.5,"Did these factors influence your decision to work in an area outside the field of your first U.S. doctoral degree? (Response to ""Family-related reasons (e.g., children, spouse's job moved)"")","Working during the week of October 1, 2008 and principal job not related to highest degree",$YESNO.
NRLOC,B_JOB_OUTSIDE_FLD_REAS_LOC,Reason for working outside field of highest degree: job location,A26.3,"Did these factors influence your decision to work in an area outside the field of your first U.S. doctoral degree? (Response to ""Job location"")","Working during the week of October 1, 2008 and principal job not related to highest degree",$YESNO.
NROCNA,B_JOB_OUTSIDE_FLD_REAS_JOB_NOT_AVAIL,Reason for working outside field of highest degree: suitable job not available,A26.6,"Did these factors influence your decision to work in an area outside the field of your first U.S. doctoral degree? (Response to ""Job in doctoral degree field not available"")","Working during the week of October 1, 2008 and principal job not related to highest degree",$YESNO.
NROT,B_JOB_OUTSIDE_FLD_REAS_OTHR,Reason for working outside field of highest degree: other,A26.7,"Did these factors influence your decision to work in an area outside the field of your first U.S. doctoral degree? (Response to ""Some other reason"")","Working during the week of October 1, 2008 and principal job not related to highest degree",$YESNO.
NRPAY,B_JOB_OUTSIDE_FLD_REAS_PAY_OR_PROMOT,Reason for working outside field of highest degree: pay/promotion,A26.1,"Did these factors influence your decision to work in an area outside the field of your first U.S. doctoral degree? (Response to  ""Pay, promotion opportunities"")","Working during the week of October 1, 2008 and principal job not related to highest degree",$YESNO.
NRREA,B_JOB_OUTSIDE_FLD_REASON_PRIMRY,Most important reason for working outside field of highest degree,A27.1,Which two factors in [the previous question] were your most important reason for working in an area outside the field of your first U.S. doctoral degree? (Most important reason),"Working during the week of October 1, 2008 and principal job not related to highest degree",$OUTFLD.
NRSEC,B_JOB_OUTSIDE_FLD_REASON_SECOND,Second most important reason for working outside field of highest degree,A27.2,Which two factors in  [the previous question] were your most important reason for working in an area outside the field of your first U.S. doctoral degree? (Second most important reason),"Working during the week of October 1, 2008 and principal job not related to highest degree",$OUTFLD.
NWFAM,A_JOB_NOT_WRKNG_REAS_FAMILY,Reasons for not working: family responsibilities,A03.4,"What were your reasons for not working during the week of [survey reference date] ?  (Marked ""Family responsibilities"")","Not working during the week of October 1, 2008",$YESNO.
NWLAY,A_JOB_NOT_WRKNG_REAS_LAYOFF,Reasons for not working: layoff,A03.2,"What were your reasons for not working during the week of [survey reference date]?  (Marked ""On layoff from a job"")","Not working during the week of October 1, 2008",$YESNO.
NWNOND,A_JOB_NOT_WRKNG_REAS_NO_NEED,Reasons for not working: did not need/want to work,A03.7,"What were your reasons for not working during the week of [survey reference date]?  (Marked ""Did not need or want to work"")","Not working during the week of October 1, 2008",$YESNO.
NWOCNA,A_JOB_NOT_WRKNG_REAS_JOB_NOT_AVAIL,Reasons for not working: suitable job not available,A03.6,"What were your reasons for not working during the week of [survey reference date]?  (Marked ""Suitable job not available"")","Not working during the week of October 1, 2008",$YESNO.
NWOTP,A_JOB_NOT_WRKNG_REAS_OTHR_PUB,"Reasons for not working: illness, retired or other",RECODE,"What were your reasons for not working during the week of [survey reference date]?  (Marked ""Illness"", ""Retired"" or ""Other"")","Not working during the week of October 1, 2008",$MRKNW.
NWSTU,A_JOB_NOT_WRKNG_REAS_STUDENT,Reasons for not working: student,A03.3,"What were your reasons for not working during the week of [survey reference date]?  (Marked ""Student"")","Not working during the week of October 1, 2008",$YESNO.
OCEDRLP,B_JOB_RELTD_TO_DEGREE,Extent that principal job is related to highest degree,A25,To what extent was your work on your principal job related to your first U.S. doctoral degree?,"Working during the week of October 1, 2008",$RELATED.
OCSEDRL,C_JOB_2ND_JOB_RELTD_TO_DEGREE,Relationship of second job to highest degree,A42,To what extent was your work on this second job related to your HIGHEST degree field? Was it - ...,"Held a second job during week of October 1, 2008",$RELATED.
OCSI,C_JOB_2ND_JOB_IND,Second job during reference week,A38,"During the week of [survey reference week], were you working for pay or profit at a second job (or business) including part-time, evening or weekend work?","Working week of October 1, 2008",$YESNO.
PJFAM,F_JOB_PART_TIME_REAS_FAMILY,Reason worked part-time:  family responsibilities,A37.3,"For which of the following reasons did you usually work fewer than 35 hours per week on the principal job you held during the week of [survey reference date]?  (Response to ""Family responsibilities"")","Working less than 35 hours per week on principal job during the week of October 1, 2008",$YESNO.
PJNOND,F_JOB_PART_TIME_REAS_NO_NEED,Reason worked part-time:  did not need/want to work full-time,A37.7,"For which of the following reasons did you usually work fewer than 35 hours per week on the principal job you held during the week of [survey reference date]?  (Response to ""Did not need or want to work more hours"")","Working less than 35 hours per week on principal job during the week of October 1, 2008",$YESNO.
PJOCNA,F_JOB_PART_TIME_REAS_FT_JOB_NA,Reason worked part-time:  full-time job not available,A37.5,"For which of the following reasons did you usually work fewer than 35 hours per week on the principal job you held during the week of [survey reference date]?  (Verbatim response back-coded to ""Full-time job not available"")","Working less than 35 hours per week on principal job during the week of October 1, 2008",$YESNO.
PJOTP,F_JOB_PART_TIME_REAS_OTHR_PUB,"Reason worked part-time: student, illness, hold another job or other",RECODE,For which of the following reasons did you usually work fewer than 35 hours per week on the principal job you held during the week of [survey reference date]?  (Response to Other),"Working less than 35 hours per week on principal job during the week of October 1, 2008",$MRKPJ.
PJWTFT,F_JOB_PART_TIME_WANT_FULL_TIME,Want to work full-time on principal job indicator,A36,Did you want to work 35 or more hours per week on your principal job?,"Working less than 35 hours per week on principal job during the week of October 1, 2008",$YESNO.
RACETHMP,U_DEM_MULTIPLE_RACE_ETHNICITY_CAT_PUB,Race/ethnicity (recoded for public use),RECODE,Derived within SESTAT from reported information.,All respondents,$ETHNCPM.
REFID,Z_REFERENCE_ID_NUMBER,Reference/ID number,SYSTEM,Derived within SESTAT,All respondents,$REFID.
REFYR,Z_SURVEY_YEAR,Survey year,SYSTEM,Data item developed by survey contractors; describes current year of survey,All respondents,FOUR.
SALARP,H_JOB_SALARY_ANN_PUB,Salary (annualized and recoded for public use),RECODE,"Before deductions, what was your BASIC ANNUAL SALARY on this job as of the week of [survey reference date]?  [Data has been annualized]","Working during the week of October 1, 2008",NUMDOL.
SRVMODE,Z_SURVEY_MODE,Survey mode,SYSTEM,Data item developed by survey contractors; describes mode of data collection completed by respondent,All respondents,$MODE.
SUPWK,F_JOB_SUPERVISE_WRK_IND,Supervised others in principal job indicator,A30,Did you supervise the work of others as part of the principal job you held during the week of [survey reference date]?,"Working during the week of October 1, 2008",$YESNO.
SURID,Z_SURVEY_IDENTIFIER,Survey identifier,SYSTEM,Data item developed by survey contractors; describes the survey used to collect the current year's data on the respondent,All respondents,$SURID.
TCDGCMP,N_ED_WORK_DEGREE_COMPLETED,Completed degree between [previous survey reference month/year] and [current survey reference month/year],D01,"Between [previous survey reference month/year] and [current survey month/year] did you complete another degree, such as a master's or another doctorate?",Took courses/enrolled in college/university between April 2006 and  October 2008 (NSCG and SDR only),$YESNO.
WAACC,F_JOB_WRK_ACTVTY_ACCTNG,"Work activity on principal job (10% indicator): accounting, finance, contracts",A28.01,"Which of the following work activities occupied at least 10 percent of your time during a typical work week on this job? (Response to ""Accounting, finance, contracts"")","Working during the week of October 1, 2008",$YESNO.
WAAPRSH,F_JOB_WRK_ACTVTY_APPLIED_RSCH,Work activity on principal job (10% indicator): applied research,A28.03,"Which of the following work activities occupied at least 10 percent of your time during a typical work week on this job? (Response to ""Applied research - study directed toward gaining scientific knowledge to meet a recognized need"")","Working during the week of October 1, 2008",$YESNO.
WABRSH,F_JOB_WRK_ACTVTY_BASIC_RSCH,Work activity on principal job (10% indicator): basic research,A28.02,"Which of the following work activities occupied at least 10 percent of your time during a typical work week on this job? (Response to ""Basic research - study directed toward gaining scientific knowledge primarily for its own sake"")","Working during the week of October 1, 2008",$YESNO.
WACOM,F_JOB_WRK_ACTVTY_COMPUTER,Work activity on principal job (10% indicator): computer applications,A28.06,"Which of the following work activities occupied at least 10 percent of your time during a typical work week on this job? (Response to ""Computer programming, systems or applications development"")","Working during the week of October 1, 2008",$YESNO.
WADEV,F_JOB_WRK_ACTVTY_DEVELOPMT,Work activity on principal job (10% indicator): development,A28.04,"Which of the following work activities occupied at least 10 percent of your time during a typical work week on this job? (Response to ""Development - using knowledge gained from research for the production of materials, devices"")","Working during the week of October 1, 2008",$YESNO.
WADSN,F_JOB_WRK_ACTVTY_DESIGN,Work activity on principal job (10% indicator): design,A28.05,"Which of the following work activities occupied at least 10 percent of your time during a typical work week on this job? (Response to ""Design of equipment, processes, structures, models"")","Working during the week of October 1, 2008",$YESNO.
WAEMRL,F_JOB_WRK_ACTVTY_PERSONNEL,Work activity on principal job (10% indicator): human resources,A28.07,"Which of the following work activities occupied at least 10 percent of your time during a typical work week on this job? (Response to ""Human resources - including recruiting, personnel development, training"")","Working during the week of October 1, 2008",$YESNO.
WAMGMT,F_JOB_WRK_ACTVTY_MGT,Work activity on principal job (10% indicator): managing or supervising people/project,A28.08,"Which of the following work activities occupied at least 10 percent of your time during a typical work week on this job? (Response to ""Managing or supervising people or projects"")","Working during the week of October 1, 2008",$YESNO.
WAOT,F_JOB_WRK_ACTVTY_OTHR,Work activity on principal job (10% indicator): other,A28.14,"Which of the following work activities occupied at least 10 percent of your time during a typical work week on this job? (Response to ""Other"")","Working during the week of October 1, 2008",$YESNO.
WAPRI,F_JOB_WRK_ACTIVITY_PRIMRY,Work activity spent most hours on in principal job,A29.1,"On which two activities in [the previous question] did you work the most hours during a typical week on this job? (Response to ""Activity most hours"")","Working during the week of October 1, 2008",$WRK2ACT.
WAPROD,F_JOB_WRK_ACTVTY_PRODUCTN,"Work activity on principal job (10% indicator): production, operations, maintenance",A28.09,"Which of the following work activities occupied at least 10 percent of your time during a typical work week on this job? (Response to ""Production, operations, maintenance (e.g., chip production, operating lab equipment""))","Working during the week of October 1, 2008",$YESNO.
WAPRSM,F_JOB_WRK_ACTIVITY_PRIMRY_SUMRY,Summarized primary work activity,RECODE,Derived within SESTAT from reported information.,"Working during the week of October 1, 2008",$WRKSUM.
WAQM,F_JOB_WRK_ACTVTY_QUAL_MGT,Work activity on principal job (10% indicator): quality or productivity management,A28.12,"Which of the following work activities occupied at least 10 percent of your time during a typical work week on this job? (Response to ""Quality or productivity management"")","Working during the week of October 1, 2008",$YESNO.
WASALE,F_JOB_WRK_ACTVTY_SALES,"Work activity on principal job (10% indicator): sales, purchasing, marketing",A28.11,"Which of the following work activities occupied at least 10 percent of your time during a typical work week on this job? (Response to ""Sales, purchasing, marketing, customer service, public relations"")","Working during the week of October 1, 2008",$YESNO.
WASCSM,F_JOB_WRK_ACTIVITY_SECONDARY_SUMRY,Summarized secondary work activity,RECODE,Derived within SESTAT from reported information.,"Working during the week of October 1, 2008",$WRKSUM.
WASEC,F_JOB_WRK_ACTIVITY_SECONDARY,Work activity spent second most hours on in principal job,A29.2,"On which two activities in [the previous question] did you work the most hours during a typical week on this job? (Response to ""Activity second most hours"")","Working during the week of October 1, 2008",$WRK2ACT.
WASVC,F_JOB_WRK_ACTVTY_PROF_SERV,Work activity on principal job (10% indicator): professional services,A28.10,"Which of the following work activities occupied at least 10 percent of your time during a typical work week on this job? (Response to ""Professional services (e.g., health care, couseling, financial services, legal services"")","Working during the week of October 1, 2008",$YESNO.
WATEA,F_JOB_WRK_ACTVTY_TEACH,Work activity on principal job (10% indicator): teaching,A28.13,"Which of the following work activities occupied at least 10 percent of your time during a typical work week on this job? (Response to ""Teaching"")","Working during the week of October 1, 2008",$YESNO.
WKSWKP,B_PRINCIPAL_JOB_WEEKS_PUB,Principal job salary:  weeks per year basis (recoded for public use),RECODE,Derived within SESTAT from reported information.,"Working during the week of October 1, 2008",$JOBWKP.
WKTRNI,G_JOB_TRAINING_WRK_RELTD_IND,Attended work-related training,C04,"During the past 12 months, did you attend any work-related training, such as workshops or seminars?","All respondents, except those who never worked",$YESNO.
WRKG,A_JOB_STATUS_EMPLOYED_IND,Working for pay or profit during reference week,A01,Were you working for pay or profit during the week of [survey reference date]?,All respondents,$YESNO.
WRKGP,D_JOB_EMPLOYED_IND,"Employment status indicator, comparing current and previous reference weeks",B01,"Were you working for pay or profit during both of these time periods -- the week of [previous survey reference date], and the week of [survey reference date] ?","All respondents, except those who never worked (working respondents to the SDR and NSCG only)",$YESNO.
WTRCHOC,G_JOB_TRAINING_REAS_CHG_OCCUPAT_DIF,Reason for attending work-related training: facilitate occupation change to different field,C05.4,"For which of the following reasons did you take training during the past 12 months? (Response to ""To facilitate a change to a different occupational field"")","All respondents, except those who never worked, who attended work-related workshops/seminars/other training",$YESNO.
WTREASN,G_JOB_TRAINING_PRIMARY_REASON,Most important reason for taking work-related training,C06,What was your most important reason from [the previous question] for taking training?,"All respondents, except those who never worked, who attended work-related workshops/seminars/other training",$TRNREAN.
WTREM,G_JOB_TRAINING_REAS_EMPLR_REQ,Reason for attending work-related training: required/expected by employer,C05.5,"For which of the following reasons did you take training during the past 12 months? (Response to ""Required or expected by employer"")","All respondents, except those who never worked, who attended work-related workshops/seminars/other training",$YESNO.
WTRLIC,G_JOB_TRAINING_REAS_LICENSING,Reason for attending work-related training: licensure/certification,C05.3,"For which of the following reasons did you take training during the past 12 months? (Response to ""For licensure or certification in your current occupational field"")","All respondents, except those who never worked, who attended work-related workshops/seminars/other training",$YESNO.
WTROPPS,G_JOB_TRAINING_REAS_OPPS_ADV_SALARY,Reason for attending work-related training: increase advancement opportunities in current occupation,C05.2,"For which of the following reasons did you take training during the past 12 months? (Response to ""To increase opportunities for promotion or advancement in your current occupational field"")","All respondents, except those who never worked, who attended work-related workshops/seminars/other training",$YESNO.
WTROT,G_JOB_TRAINING_REAS_OTHR,Reason for attending work-related training: other,C05.7,"For which of the following reasons did you take training during the past 12 months? (Response to ""Other"")","All respondents, except those who never worked, who attended work-related workshops/seminars/other training",$YESNO.
WTRPERS,G_JOB_TRAINING_REAS_PERS,Reason for attending work-related training:  leisure/personal interest,C05.6,"For which of the following reasons did you take training during the past 12 months?  (Response to ""For leisure or personal interest"")","All respondents, except those who never worked, who attended work-related workshops/seminars/other training",$YESNO.
WTRSKL,G_JOB_TRAINING_REAS_ACQ_SKILL,Reason for attending work-related training: acquire further skills/knowledge,C05.1,"For which of the following reasons did you take training during the past 12 months? (Response to ""To improve skills or knowledge in your current occupational field"")","All respondents, except those who never worked, who attended work-related workshops/seminars/other training",$YESNO.
WTSURVY,Z_WEIGHTING_FACTOR_SURVEY,Final survey-specific weight,SYSTEM,Derived within SESTAT from reported information.,All respondents,WGTFMT.
